Institutions,Date,Title,Link
"KAIST & SNU","2025-08-22","Machine-Learning Validated Short Form of the Korean Version of the Sleep-Related Behaviors Questionnaire-10 Items: SRBQ-10","https://pubmed.ncbi.nlm.nih.gov/40843934/?utm_source=Other&utm_medium=rss&utm_campaign=pubmed-2&utm_content=1lGTpA7S74whuNVC_kQy0F4ncgCxeB9B9U0hbi6Wldiv2cIgV2&fc=20250822163126&ff=20250822204120&v=2.18.0.post9+e462414"
"KAIST","2025-08-22","Crude saponin from Korean red ginseng alleviates di(2-ethylhexyl) phthalate-induced urogenital damage via regulating p38 MAPK/NF-κB signaling","https://pubmed.ncbi.nlm.nih.gov/40843017/?utm_source=Other&utm_medium=rss&utm_campaign=pubmed-2&utm_content=1lGTpA7S74whuNVC_kQy0F4ncgCxeB9B9U0hbi6Wldiv2cIgV2&fc=20250822163126&ff=20250822204120&v=2.18.0.post9+e462414"
"KAIST","2025-08-22","Red ginseng extract enhances mitochondrial function and alleviates immunosenescence in T cells","https://pubmed.ncbi.nlm.nih.gov/40843013/?utm_source=Other&utm_medium=rss&utm_campaign=pubmed-2&utm_content=1lGTpA7S74whuNVC_kQy0F4ncgCxeB9B9U0hbi6Wldiv2cIgV2&fc=20250822163126&ff=20250822204120&v=2.18.0.post9+e462414"
"KAIST","2025-08-22","Continuous Biochemical Profiling of the Gastrointestinal Tract Using an Integrated Smart Capsule","https://pubmed.ncbi.nlm.nih.gov/40842875/?utm_source=Other&utm_medium=rss&utm_campaign=pubmed-2&utm_content=1lGTpA7S74whuNVC_kQy0F4ncgCxeB9B9U0hbi6Wldiv2cIgV2&fc=20250822163126&ff=20250822204120&v=2.18.0.post9+e462414"
"KAIST","2025-08-22","Amorphous Metal-Organic Framework Database for Amorphization Prediction and CO<sub>2</sub> Direct Air Capture Screening","https://pubmed.ncbi.nlm.nih.gov/40842318/?utm_source=Other&utm_medium=rss&utm_campaign=pubmed-2&utm_content=1lGTpA7S74whuNVC_kQy0F4ncgCxeB9B9U0hbi6Wldiv2cIgV2&fc=20250822163126&ff=20250822204120&v=2.18.0.post9+e462414"
"KAIST","2025-08-22","Dual-mode CRISPRa/i for genome-scale metabolic rewiring in Escherichia coli","https://pubmed.ncbi.nlm.nih.gov/40842235/?utm_source=Other&utm_medium=rss&utm_campaign=pubmed-2&utm_content=1lGTpA7S74whuNVC_kQy0F4ncgCxeB9B9U0hbi6Wldiv2cIgV2&fc=20250822163126&ff=20250822204120&v=2.18.0.post9+e462414"
"KAIST & SNU","2025-08-22","Rectus sheath block provides superior analgesia over quadratus lumborum block in single-port total laparoscopic hysterectomy: a prospective, randomized trial","https://pubmed.ncbi.nlm.nih.gov/40842204/?utm_source=Other&utm_medium=rss&utm_campaign=pubmed-2&utm_content=1lGTpA7S74whuNVC_kQy0F4ncgCxeB9B9U0hbi6Wldiv2cIgV2&fc=20250822163126&ff=20250822204120&v=2.18.0.post9+e462414"
"KAIST","2025-08-22","Avidity-Based Capture of PD-L1-Expressing Exosomes via Dendrimer-Peptide Conjugates: A Nanoengineered Platform for Enhanced Prediction of Immunotherapy Response","https://pubmed.ncbi.nlm.nih.gov/40841859/?utm_source=Other&utm_medium=rss&utm_campaign=pubmed-2&utm_content=1lGTpA7S74whuNVC_kQy0F4ncgCxeB9B9U0hbi6Wldiv2cIgV2&fc=20250822163126&ff=20250822204120&v=2.18.0.post9+e462414"
"SNU","2025-08-22","Metagenomic profiling of gut microbime: associating their role with the advancement of diabetic nephropathy","https://pubmed.ncbi.nlm.nih.gov/40844735/?utm_source=Other&utm_medium=rss&utm_campaign=pubmed-2&utm_content=1bo4uOs-bB_ZLOeoRMDuMyKrqOCTTJrR8i4c8aBDtpAcbJ09ch&fc=20250822163228&ff=20250822204120&v=2.18.0.post9+e462414"
"SNU","2025-08-22","Whole genome sequencing reveals telomere associated genomic differences between healthy and unhealthy aging in a Korean population","https://pubmed.ncbi.nlm.nih.gov/40844718/?utm_source=Other&utm_medium=rss&utm_campaign=pubmed-2&utm_content=1bo4uOs-bB_ZLOeoRMDuMyKrqOCTTJrR8i4c8aBDtpAcbJ09ch&fc=20250822163228&ff=20250822204120&v=2.18.0.post9+e462414"
"SNU","2025-08-22","Correction: Comparison of bone mineral density changes between denosumab and bisphosphonates in tenofovir-exposed chronic hepatitis B patients with osteoporosis","https://pubmed.ncbi.nlm.nih.gov/40844610/?utm_source=Other&utm_medium=rss&utm_campaign=pubmed-2&utm_content=1bo4uOs-bB_ZLOeoRMDuMyKrqOCTTJrR8i4c8aBDtpAcbJ09ch&fc=20250822163228&ff=20250822204120&v=2.18.0.post9+e462414"
"SNU","2025-08-22","What kind of information is requested by patients and families with genetic disorders? : The analysis of an online patient community in South Korea","https://pubmed.ncbi.nlm.nih.gov/40844583/?utm_source=Other&utm_medium=rss&utm_campaign=pubmed-2&utm_content=1bo4uOs-bB_ZLOeoRMDuMyKrqOCTTJrR8i4c8aBDtpAcbJ09ch&fc=20250822163228&ff=20250822204120&v=2.18.0.post9+e462414"
"SNU","2025-08-22","Combination Therapy With Poly D-L Lactic Acid and Autologous Fat Transplantation for Infraorbital Rejuvenation","https://pubmed.ncbi.nlm.nih.gov/40844511/?utm_source=Other&utm_medium=rss&utm_campaign=pubmed-2&utm_content=1bo4uOs-bB_ZLOeoRMDuMyKrqOCTTJrR8i4c8aBDtpAcbJ09ch&fc=20250822163228&ff=20250822204120&v=2.18.0.post9+e462414"
"SNU","2025-08-22","Comparison of Pain Perception Between Needle and Cannula Subdermal Injections for PDLLA: A Randomized, Double-Blinded, Split-Injection Study","https://pubmed.ncbi.nlm.nih.gov/40844497/?utm_source=Other&utm_medium=rss&utm_campaign=pubmed-2&utm_content=1bo4uOs-bB_ZLOeoRMDuMyKrqOCTTJrR8i4c8aBDtpAcbJ09ch&fc=20250822163228&ff=20250822204120&v=2.18.0.post9+e462414"
"SNU","2025-08-22","Usefulness of Ultrasound Assessment of Breast Cancer-Related Lymphedema","https://pubmed.ncbi.nlm.nih.gov/40844407/?utm_source=Other&utm_medium=rss&utm_campaign=pubmed-2&utm_content=1bo4uOs-bB_ZLOeoRMDuMyKrqOCTTJrR8i4c8aBDtpAcbJ09ch&fc=20250822163228&ff=20250822204120&v=2.18.0.post9+e462414"
"SNU","2025-08-22","Letter to Editor on Qureshi et al. Efficacy and Safety of Abemaciclib in Combination with Endocrine Therapy for HR+/HER2- Advanced or Metastatic Breast Cancer a Systematic Review and Meta-Analysis, Am J Clin Oncol, 2025, 48(1)","https://pubmed.ncbi.nlm.nih.gov/40844303/?utm_source=Other&utm_medium=rss&utm_campaign=pubmed-2&utm_content=1bo4uOs-bB_ZLOeoRMDuMyKrqOCTTJrR8i4c8aBDtpAcbJ09ch&fc=20250822163228&ff=20250822204120&v=2.18.0.post9+e462414"
"SNU","2025-08-22","""I'm more confident now than I ever used to be"": a preliminary qualitative study of British older adults' perception and experience of aging positively","https://pubmed.ncbi.nlm.nih.gov/40844269/?utm_source=Other&utm_medium=rss&utm_campaign=pubmed-2&utm_content=1bo4uOs-bB_ZLOeoRMDuMyKrqOCTTJrR8i4c8aBDtpAcbJ09ch&fc=20250822163228&ff=20250822204120&v=2.18.0.post9+e462414"
"SNU","2025-08-22","A Photon-Driven Unimolecular Immunostimulant for Self-Amplified Pyroptosis and cGAS-STING Pathway by Destroying the Pyroptosis Checkpoint","https://pubmed.ncbi.nlm.nih.gov/40844200/?utm_source=Other&utm_medium=rss&utm_campaign=pubmed-2&utm_content=1bo4uOs-bB_ZLOeoRMDuMyKrqOCTTJrR8i4c8aBDtpAcbJ09ch&fc=20250822163228&ff=20250822204120&v=2.18.0.post9+e462414"
"SNU","2025-08-22","Three-Dimensional Efficient Myelin-Weighted Imaging Utilizing Direct Visualization of Short Transverse Relaxation Time Component (ViSTa)","https://pubmed.ncbi.nlm.nih.gov/40844197/?utm_source=Other&utm_medium=rss&utm_campaign=pubmed-2&utm_content=1bo4uOs-bB_ZLOeoRMDuMyKrqOCTTJrR8i4c8aBDtpAcbJ09ch&fc=20250822163228&ff=20250822204120&v=2.18.0.post9+e462414"
"SNU","2025-08-22","Risk of Subsequent Diabetes Mellitus in Stroke Survivors According to Poststroke Disability Status and Stroke Type","https://pubmed.ncbi.nlm.nih.gov/40844179/?utm_source=Other&utm_medium=rss&utm_campaign=pubmed-2&utm_content=1bo4uOs-bB_ZLOeoRMDuMyKrqOCTTJrR8i4c8aBDtpAcbJ09ch&fc=20250822163228&ff=20250822204120&v=2.18.0.post9+e462414"
"SNU","2025-08-22","DistillSleep: Real-Time, On-Device, Interpretable Sleep Staging from Single-Channel EEG","https://pubmed.ncbi.nlm.nih.gov/40844034/?utm_source=Other&utm_medium=rss&utm_campaign=pubmed-2&utm_content=1bo4uOs-bB_ZLOeoRMDuMyKrqOCTTJrR8i4c8aBDtpAcbJ09ch&fc=20250822163228&ff=20250822204120&v=2.18.0.post9+e462414"
"SNU","2025-08-22","Who Benefits the Most from Sleep Hygiene Education? Findings from the SLeep Education for Everyone Program (SLEEP)","https://pubmed.ncbi.nlm.nih.gov/40843664/?utm_source=Other&utm_medium=rss&utm_campaign=pubmed-2&utm_content=1bo4uOs-bB_ZLOeoRMDuMyKrqOCTTJrR8i4c8aBDtpAcbJ09ch&fc=20250822163228&ff=20250822204120&v=2.18.0.post9+e462414"
"SNU","2025-08-22","Oxidative Balance Scores in Cancer Survivors: A Nationwide Cross-Sectional Study","https://pubmed.ncbi.nlm.nih.gov/40843580/?utm_source=Other&utm_medium=rss&utm_campaign=pubmed-2&utm_content=1bo4uOs-bB_ZLOeoRMDuMyKrqOCTTJrR8i4c8aBDtpAcbJ09ch&fc=20250822163228&ff=20250822204120&v=2.18.0.post9+e462414"
"SNU","2025-08-22","Confirmatory long-term efficacy and safety results of ataluren in patients with nmDMD from Study 041, an international, randomized, double-blind, placebo-controlled, Phase III trial","https://pubmed.ncbi.nlm.nih.gov/40843507/?utm_source=Other&utm_medium=rss&utm_campaign=pubmed-2&utm_content=1bo4uOs-bB_ZLOeoRMDuMyKrqOCTTJrR8i4c8aBDtpAcbJ09ch&fc=20250822163228&ff=20250822204120&v=2.18.0.post9+e462414"
"SNU","2025-08-22","Evolution and Spread of Y280-Lineage H9N2 Low Pathogenicity Avian Influenza Viruses in Korea, 2020-2023","https://pubmed.ncbi.nlm.nih.gov/40843278/?utm_source=Other&utm_medium=rss&utm_campaign=pubmed-2&utm_content=1bo4uOs-bB_ZLOeoRMDuMyKrqOCTTJrR8i4c8aBDtpAcbJ09ch&fc=20250822163228&ff=20250822204120&v=2.18.0.post9+e462414"
"SNU","2025-08-22","Clinical implications and prognostic value of mastoid effusion in the management of aneurysmal subarachnoid hemorrhage","https://pubmed.ncbi.nlm.nih.gov/40843264/?utm_source=Other&utm_medium=rss&utm_campaign=pubmed-2&utm_content=1bo4uOs-bB_ZLOeoRMDuMyKrqOCTTJrR8i4c8aBDtpAcbJ09ch&fc=20250822163228&ff=20250822204120&v=2.18.0.post9+e462414"
"SNU","2025-08-22","Digital health technologies for improving the management of people with chronic obstructive pulmonary disease","https://pubmed.ncbi.nlm.nih.gov/40843141/?utm_source=Other&utm_medium=rss&utm_campaign=pubmed-2&utm_content=1bo4uOs-bB_ZLOeoRMDuMyKrqOCTTJrR8i4c8aBDtpAcbJ09ch&fc=20250822163228&ff=20250822204120&v=2.18.0.post9+e462414"
"SNU","2025-08-22","Korean Red ginseng supplements improve quality of life in patients with mild chronic pancreatitis symptoms: A prospective clinical trial","https://pubmed.ncbi.nlm.nih.gov/40843010/?utm_source=Other&utm_medium=rss&utm_campaign=pubmed-2&utm_content=1bo4uOs-bB_ZLOeoRMDuMyKrqOCTTJrR8i4c8aBDtpAcbJ09ch&fc=20250822163228&ff=20250822204120&v=2.18.0.post9+e462414"
"SNU","2025-08-22","Non-contact radiofrequency stimulation to the olfactory nerve of human subjects","https://pubmed.ncbi.nlm.nih.gov/40842699/?utm_source=Other&utm_medium=rss&utm_campaign=pubmed-2&utm_content=1bo4uOs-bB_ZLOeoRMDuMyKrqOCTTJrR8i4c8aBDtpAcbJ09ch&fc=20250822163228&ff=20250822204120&v=2.18.0.post9+e462414"
"SNU","2025-08-22","Different Derivatives of Plumbagin Analogue: Bioavailability and Their Toxicity Studies","https://pubmed.ncbi.nlm.nih.gov/40842665/?utm_source=Other&utm_medium=rss&utm_campaign=pubmed-2&utm_content=1bo4uOs-bB_ZLOeoRMDuMyKrqOCTTJrR8i4c8aBDtpAcbJ09ch&fc=20250822163228&ff=20250822204120&v=2.18.0.post9+e462414"
"SNU","2025-08-22","Effect of aspirin use on conversion risk from mild cognitive impairment to Alzheimer's disease","https://pubmed.ncbi.nlm.nih.gov/40842647/?utm_source=Other&utm_medium=rss&utm_campaign=pubmed-2&utm_content=1bo4uOs-bB_ZLOeoRMDuMyKrqOCTTJrR8i4c8aBDtpAcbJ09ch&fc=20250822163228&ff=20250822204120&v=2.18.0.post9+e462414"
"SNU","2025-08-22","A new formula consisting of the five-factor score and earliest vasculitis damage index at diagnosis for predicting poor outcomes of antineutrophil cytoplasmic antibody-associated vasculitis","https://pubmed.ncbi.nlm.nih.gov/40842526/?utm_source=Other&utm_medium=rss&utm_campaign=pubmed-2&utm_content=1bo4uOs-bB_ZLOeoRMDuMyKrqOCTTJrR8i4c8aBDtpAcbJ09ch&fc=20250822163228&ff=20250822204120&v=2.18.0.post9+e462414"
"SNU","2025-08-22","Dialysis independence for a young patient with refractory multiple myeloma treated with teclistamab: A case report","https://pubmed.ncbi.nlm.nih.gov/40842465/?utm_source=Other&utm_medium=rss&utm_campaign=pubmed-2&utm_content=1bo4uOs-bB_ZLOeoRMDuMyKrqOCTTJrR8i4c8aBDtpAcbJ09ch&fc=20250822163228&ff=20250822204120&v=2.18.0.post9+e462414"
"SNU","2025-08-22","Asia Pacific association of gastroenterology consensus statements on histopathological evaluation of inflammatory bowel diseases","https://pubmed.ncbi.nlm.nih.gov/40842459/?utm_source=Other&utm_medium=rss&utm_campaign=pubmed-2&utm_content=1bo4uOs-bB_ZLOeoRMDuMyKrqOCTTJrR8i4c8aBDtpAcbJ09ch&fc=20250822163228&ff=20250822204120&v=2.18.0.post9+e462414"
"SNU","2025-08-22","Quantifying the impact of immortal time bias: empirical evidence from meta-analyses","https://pubmed.ncbi.nlm.nih.gov/40842270/?utm_source=Other&utm_medium=rss&utm_campaign=pubmed-2&utm_content=1bo4uOs-bB_ZLOeoRMDuMyKrqOCTTJrR8i4c8aBDtpAcbJ09ch&fc=20250822163228&ff=20250822204120&v=2.18.0.post9+e462414"
"SNU","2025-08-22","The 2nd Annual Meeting of the East Asian Gynecologic Oncology Trial Group (EAGOT)","https://pubmed.ncbi.nlm.nih.gov/40842257/?utm_source=Other&utm_medium=rss&utm_campaign=pubmed-2&utm_content=1bo4uOs-bB_ZLOeoRMDuMyKrqOCTTJrR8i4c8aBDtpAcbJ09ch&fc=20250822163228&ff=20250822204120&v=2.18.0.post9+e462414"
"SNU","2025-08-22","Modulating Oxygen Evolution Reaction Pathways via (Oxy)Hydroxide-Driven Surface Reconstruction on Ti<sub>3</sub>C<sub>2</sub> MXene Electrocatalysts","https://pubmed.ncbi.nlm.nih.gov/40842225/?utm_source=Other&utm_medium=rss&utm_campaign=pubmed-2&utm_content=1bo4uOs-bB_ZLOeoRMDuMyKrqOCTTJrR8i4c8aBDtpAcbJ09ch&fc=20250822163228&ff=20250822204120&v=2.18.0.post9+e462414"
"SNU","2025-08-22","Sex-specific associations of preoperative serum uric acid levels with mortality and morbidity in non-cardiac surgeries: a single-center retrospective study","https://pubmed.ncbi.nlm.nih.gov/40842203/?utm_source=Other&utm_medium=rss&utm_campaign=pubmed-2&utm_content=1bo4uOs-bB_ZLOeoRMDuMyKrqOCTTJrR8i4c8aBDtpAcbJ09ch&fc=20250822163228&ff=20250822204120&v=2.18.0.post9+e462414"
"SNU","2025-08-22","Comparison of Healing Outcomes Between Simultaneous and Staged Implant Placement With Sinus Floor Elevation: A Preclinical Study Using a Rabbit Sinus Model","https://pubmed.ncbi.nlm.nih.gov/40842176/?utm_source=Other&utm_medium=rss&utm_campaign=pubmed-2&utm_content=1bo4uOs-bB_ZLOeoRMDuMyKrqOCTTJrR8i4c8aBDtpAcbJ09ch&fc=20250822163228&ff=20250822204120&v=2.18.0.post9+e462414"
"SNU","2025-08-22","MUTE-Seq: An Ultrasensitive Method for Detecting Low-Frequency Mutations in cfDNA With Engineered Advanced-Fidelity FnCas9","https://pubmed.ncbi.nlm.nih.gov/40842147/?utm_source=Other&utm_medium=rss&utm_campaign=pubmed-2&utm_content=1bo4uOs-bB_ZLOeoRMDuMyKrqOCTTJrR8i4c8aBDtpAcbJ09ch&fc=20250822163228&ff=20250822204120&v=2.18.0.post9+e462414"
"SNU","2025-08-22","Preferential Sensitivity of the EGFR L858M/L861R Mutation to Second-Generation EGFR Tyrosine Kinase Inhibitors in Non-small Cell Lung Cancer","https://pubmed.ncbi.nlm.nih.gov/40842074/?utm_source=Other&utm_medium=rss&utm_campaign=pubmed-2&utm_content=1bo4uOs-bB_ZLOeoRMDuMyKrqOCTTJrR8i4c8aBDtpAcbJ09ch&fc=20250822163228&ff=20250822204120&v=2.18.0.post9+e462414"
"SNU","2025-08-22","Individual- and neighborhood-level factors influencing diet quality: a multilevel analysis using Korea National Health and Nutrition Examination Survey data, 2010-2019","https://pubmed.ncbi.nlm.nih.gov/40842067/?utm_source=Other&utm_medium=rss&utm_campaign=pubmed-2&utm_content=1bo4uOs-bB_ZLOeoRMDuMyKrqOCTTJrR8i4c8aBDtpAcbJ09ch&fc=20250822163228&ff=20250822204120&v=2.18.0.post9+e462414"
"SNU","2025-08-22","Association between psychosocial safety climate and depression risk among Korean workers","https://pubmed.ncbi.nlm.nih.gov/40842066/?utm_source=Other&utm_medium=rss&utm_campaign=pubmed-2&utm_content=1bo4uOs-bB_ZLOeoRMDuMyKrqOCTTJrR8i4c8aBDtpAcbJ09ch&fc=20250822163228&ff=20250822204120&v=2.18.0.post9+e462414"
"SNU","2025-08-22","High-Performance Electrochemical Adhesives Enabled by Perfluorinated Sulfonic-Acid Ionomers with Precise Adhesion Control and Long-Term Switchability","https://pubmed.ncbi.nlm.nih.gov/40842049/?utm_source=Other&utm_medium=rss&utm_campaign=pubmed-2&utm_content=1bo4uOs-bB_ZLOeoRMDuMyKrqOCTTJrR8i4c8aBDtpAcbJ09ch&fc=20250822163228&ff=20250822204120&v=2.18.0.post9+e462414"
"SNU","2025-08-22","Associations Between Urinary Metabolites of Polycyclic Aromatic Hydrocarbons and Liver Enzyme Levels among Korean Firefighters","https://pubmed.ncbi.nlm.nih.gov/40841975/?utm_source=Other&utm_medium=rss&utm_campaign=pubmed-2&utm_content=1bo4uOs-bB_ZLOeoRMDuMyKrqOCTTJrR8i4c8aBDtpAcbJ09ch&fc=20250822163228&ff=20250822204120&v=2.18.0.post9+e462414"
"SNU","2025-08-22","Developmental Hypoxia Enhances Kidney Organoid Complexity and Maturity","https://pubmed.ncbi.nlm.nih.gov/40841925/?utm_source=Other&utm_medium=rss&utm_campaign=pubmed-2&utm_content=1bo4uOs-bB_ZLOeoRMDuMyKrqOCTTJrR8i4c8aBDtpAcbJ09ch&fc=20250822163228&ff=20250822204120&v=2.18.0.post9+e462414"
"SNU","2025-08-22","Assessing trends in clonorchiasis incidence via prescription data analysis in South Korea","https://pubmed.ncbi.nlm.nih.gov/40841887/?utm_source=Other&utm_medium=rss&utm_campaign=pubmed-2&utm_content=1bo4uOs-bB_ZLOeoRMDuMyKrqOCTTJrR8i4c8aBDtpAcbJ09ch&fc=20250822163228&ff=20250822204120&v=2.18.0.post9+e462414"
"KAIST","2025-08-21","Integrating artificial intelligence and optogenetics for Parkinson's disease diagnosis and therapeutics in male mice","https://pubmed.ncbi.nlm.nih.gov/40841722/?utm_source=Other&utm_medium=rss&utm_campaign=pubmed-2&utm_content=1lGTpA7S74whuNVC_kQy0F4ncgCxeB9B9U0hbi6Wldiv2cIgV2&fc=20250822163126&ff=20250822204120&v=2.18.0.post9+e462414"
"KAIST","2025-08-21","Publisher Correction: fNIRS reproducibility varies with data quality, analysis pipelines, and researcher experience","https://pubmed.ncbi.nlm.nih.gov/40841463/?utm_source=Other&utm_medium=rss&utm_campaign=pubmed-2&utm_content=1lGTpA7S74whuNVC_kQy0F4ncgCxeB9B9U0hbi6Wldiv2cIgV2&fc=20250822163126&ff=20250822204120&v=2.18.0.post9+e462414"
"KAIST & SNU","2025-08-21","Validation and standardization of the content of three di-caffeoylquinic acid in Korean Ligularia fischeri by region of origin","https://pubmed.ncbi.nlm.nih.gov/40841405/?utm_source=Other&utm_medium=rss&utm_campaign=pubmed-2&utm_content=1lGTpA7S74whuNVC_kQy0F4ncgCxeB9B9U0hbi6Wldiv2cIgV2&fc=20250822163126&ff=20250822204120&v=2.18.0.post9+e462414"
"KAIST","2025-08-21","Model-Informed Optimal Dosing of Anti-CD47 Antibody Using Target-Mediated Drug Disposition Model","https://pubmed.ncbi.nlm.nih.gov/40841178/?utm_source=Other&utm_medium=rss&utm_campaign=pubmed-2&utm_content=1lGTpA7S74whuNVC_kQy0F4ncgCxeB9B9U0hbi6Wldiv2cIgV2&fc=20250822163126&ff=20250822204120&v=2.18.0.post9+e462414"
"KAIST","2025-08-21","Particulate matter-induced lung cancer metastasis is inhibited by ginsenoside Rg3","https://pubmed.ncbi.nlm.nih.gov/40841037/?utm_source=Other&utm_medium=rss&utm_campaign=pubmed-2&utm_content=1lGTpA7S74whuNVC_kQy0F4ncgCxeB9B9U0hbi6Wldiv2cIgV2&fc=20250822163126&ff=20250822204120&v=2.18.0.post9+e462414"
"KAIST","2025-08-21","Beauvericin disrupts G2/M transition and induces meiotic arrest during mouse oocyte maturation","https://pubmed.ncbi.nlm.nih.gov/40840853/?utm_source=Other&utm_medium=rss&utm_campaign=pubmed-2&utm_content=1lGTpA7S74whuNVC_kQy0F4ncgCxeB9B9U0hbi6Wldiv2cIgV2&fc=20250822163126&ff=20250822204120&v=2.18.0.post9+e462414"
"KAIST","2025-08-21","Effectiveness and safety of light therapy for treating primary dysmenorrhea: A systematic review and meta-analysis of randomized controlled trials","https://pubmed.ncbi.nlm.nih.gov/40840565/?utm_source=Other&utm_medium=rss&utm_campaign=pubmed-2&utm_content=1lGTpA7S74whuNVC_kQy0F4ncgCxeB9B9U0hbi6Wldiv2cIgV2&fc=20250822163126&ff=20250822204120&v=2.18.0.post9+e462414"
"KAIST","2025-08-21","Evaluation of different hindfoot kinematics according to various shoe types during walking using biplanar fluoroscopy","https://pubmed.ncbi.nlm.nih.gov/40840257/?utm_source=Other&utm_medium=rss&utm_campaign=pubmed-2&utm_content=1lGTpA7S74whuNVC_kQy0F4ncgCxeB9B9U0hbi6Wldiv2cIgV2&fc=20250822163126&ff=20250822204120&v=2.18.0.post9+e462414"
"KAIST","2025-08-21","How do the drivers react to different C-V2X-based communication conditions in dilemma zones? A driving simulator study","https://pubmed.ncbi.nlm.nih.gov/40840241/?utm_source=Other&utm_medium=rss&utm_campaign=pubmed-2&utm_content=1lGTpA7S74whuNVC_kQy0F4ncgCxeB9B9U0hbi6Wldiv2cIgV2&fc=20250822163126&ff=20250822204120&v=2.18.0.post9+e462414"
"KAIST","2025-08-21","Interpretability-driven deep learning for SERS-based classification of respiratory viruses","https://pubmed.ncbi.nlm.nih.gov/40840132/?utm_source=Other&utm_medium=rss&utm_campaign=pubmed-2&utm_content=1lGTpA7S74whuNVC_kQy0F4ncgCxeB9B9U0hbi6Wldiv2cIgV2&fc=20250822163126&ff=20250822204120&v=2.18.0.post9+e462414"
"KAIST","2025-08-21","Multi-omics single-cell analysis reveals key regulators of HIV-1 persistence and aberrant host immune responses in early infection","https://pubmed.ncbi.nlm.nih.gov/40838493/?utm_source=Other&utm_medium=rss&utm_campaign=pubmed-2&utm_content=1lGTpA7S74whuNVC_kQy0F4ncgCxeB9B9U0hbi6Wldiv2cIgV2&fc=20250822163126&ff=20250822204120&v=2.18.0.post9+e462414"
"KAIST","2025-08-21","Nanoscale Epigenetic Profiling of Colorectal Cancer Cell-Derived Exosomes via Single-Vesicle Nanoscopy","https://pubmed.ncbi.nlm.nih.gov/40838455/?utm_source=Other&utm_medium=rss&utm_campaign=pubmed-2&utm_content=1lGTpA7S74whuNVC_kQy0F4ncgCxeB9B9U0hbi6Wldiv2cIgV2&fc=20250822163126&ff=20250822204120&v=2.18.0.post9+e462414"
"KAIST","2025-08-21","Scalable Roll-to-Roll Approach for Encapsulating Long-Length Flexible Printed Circuit Boards","https://pubmed.ncbi.nlm.nih.gov/40838374/?utm_source=Other&utm_medium=rss&utm_campaign=pubmed-2&utm_content=1lGTpA7S74whuNVC_kQy0F4ncgCxeB9B9U0hbi6Wldiv2cIgV2&fc=20250822163126&ff=20250822204120&v=2.18.0.post9+e462414"
"KAIST","2025-08-21","<em>Aster spathulifolius</em> Maxim. Alleviates Primary Dysmenorrhea in a Mouse Model by Modulating Myometrial Contractions via NF-κB/COX-2 Pathway Inhibition","https://pubmed.ncbi.nlm.nih.gov/40838175/?utm_source=Other&utm_medium=rss&utm_campaign=pubmed-2&utm_content=1lGTpA7S74whuNVC_kQy0F4ncgCxeB9B9U0hbi6Wldiv2cIgV2&fc=20250822163126&ff=20250822204120&v=2.18.0.post9+e462414"
"KAIST","2025-08-21","Nationwide Machine Learning-Ensemble PM<sub>2.5</sub> Mapping Prediction and Forecasting Models in South Korea with High Spatiotemporal Resolution and Health Risk Estimation-Based Evaluations","https://pubmed.ncbi.nlm.nih.gov/40837693/?utm_source=Other&utm_medium=rss&utm_campaign=pubmed-2&utm_content=1lGTpA7S74whuNVC_kQy0F4ncgCxeB9B9U0hbi6Wldiv2cIgV2&fc=20250822163126&ff=20250822204120&v=2.18.0.post9+e462414"
"KAIST","2025-08-21","Vibration, current, torque, RPM dataset for multiple fault conditions in industrial-scale electric motors under randomized speed and load variations","https://pubmed.ncbi.nlm.nih.gov/40837478/?utm_source=Other&utm_medium=rss&utm_campaign=pubmed-2&utm_content=1lGTpA7S74whuNVC_kQy0F4ncgCxeB9B9U0hbi6Wldiv2cIgV2&fc=20250822163126&ff=20250822204120&v=2.18.0.post9+e462414"
"KAIST","2025-08-21","Evaluation of familial phenotype deviation to measure the impact of de novo mutations in autism","https://pubmed.ncbi.nlm.nih.gov/40836247/?utm_source=Other&utm_medium=rss&utm_campaign=pubmed-2&utm_content=1lGTpA7S74whuNVC_kQy0F4ncgCxeB9B9U0hbi6Wldiv2cIgV2&fc=20250822163126&ff=20250822204120&v=2.18.0.post9+e462414"
"SNU","2025-08-21","Clinical characteristics of peripheral exudative hemorrhagic chorioretinopathy easily misdiagnosed at initial presentation in Korean patients","https://pubmed.ncbi.nlm.nih.gov/40841816/?utm_source=Other&utm_medium=rss&utm_campaign=pubmed-2&utm_content=1bo4uOs-bB_ZLOeoRMDuMyKrqOCTTJrR8i4c8aBDtpAcbJ09ch&fc=20250822163228&ff=20250822204120&v=2.18.0.post9+e462414"
"SNU","2025-08-21","First time inflatable penile prostheses performed under local anesthesia: a single surgeon series suggests ways to improve both the patient and surgeon experience","https://pubmed.ncbi.nlm.nih.gov/40841762/?utm_source=Other&utm_medium=rss&utm_campaign=pubmed-2&utm_content=1bo4uOs-bB_ZLOeoRMDuMyKrqOCTTJrR8i4c8aBDtpAcbJ09ch&fc=20250822163228&ff=20250822204120&v=2.18.0.post9+e462414"
"SNU","2025-08-21","Influence of time since injury and physical activity level on upper limb kinematics and muscle activation during wheelchair propulsion in complete T12/L1 spinal cord injury","https://pubmed.ncbi.nlm.nih.gov/40841636/?utm_source=Other&utm_medium=rss&utm_campaign=pubmed-2&utm_content=1bo4uOs-bB_ZLOeoRMDuMyKrqOCTTJrR8i4c8aBDtpAcbJ09ch&fc=20250822163228&ff=20250822204120&v=2.18.0.post9+e462414"
"SNU","2025-08-21","Structural basis for the recognition and ubiquitylation of type-2 N-degron substrate by PRT1 plant N-recognin","https://pubmed.ncbi.nlm.nih.gov/40841552/?utm_source=Other&utm_medium=rss&utm_campaign=pubmed-2&utm_content=1bo4uOs-bB_ZLOeoRMDuMyKrqOCTTJrR8i4c8aBDtpAcbJ09ch&fc=20250822163228&ff=20250822204120&v=2.18.0.post9+e462414"
"SNU","2025-08-21","Flavonoid pathway intermediates implicate UVR8 in functions beyond canonical UV-B signaling","https://pubmed.ncbi.nlm.nih.gov/40841532/?utm_source=Other&utm_medium=rss&utm_campaign=pubmed-2&utm_content=1bo4uOs-bB_ZLOeoRMDuMyKrqOCTTJrR8i4c8aBDtpAcbJ09ch&fc=20250822163228&ff=20250822204120&v=2.18.0.post9+e462414"
"SNU","2025-08-21","Multimodal AI for risk stratification in autism spectrum disorder: integrating voice and screening tools","https://pubmed.ncbi.nlm.nih.gov/40841482/?utm_source=Other&utm_medium=rss&utm_campaign=pubmed-2&utm_content=1bo4uOs-bB_ZLOeoRMDuMyKrqOCTTJrR8i4c8aBDtpAcbJ09ch&fc=20250822163228&ff=20250822204120&v=2.18.0.post9+e462414"
"SNU","2025-08-21","Common chromosomal aneuploidy testing using non-invasive trophoblast retrieval and isolation from the cervix (TRIC) in pregnant women","https://pubmed.ncbi.nlm.nih.gov/40841462/?utm_source=Other&utm_medium=rss&utm_campaign=pubmed-2&utm_content=1bo4uOs-bB_ZLOeoRMDuMyKrqOCTTJrR8i4c8aBDtpAcbJ09ch&fc=20250822163228&ff=20250822204120&v=2.18.0.post9+e462414"
"SNU","2025-08-21","Association between heart rate fluctuation and mortality in intensive care patients with atrial fibrillation","https://pubmed.ncbi.nlm.nih.gov/40841395/?utm_source=Other&utm_medium=rss&utm_campaign=pubmed-2&utm_content=1bo4uOs-bB_ZLOeoRMDuMyKrqOCTTJrR8i4c8aBDtpAcbJ09ch&fc=20250822163228&ff=20250822204120&v=2.18.0.post9+e462414"
"KAIST","2025-08-20","Growth inhibition of harmful cyanobacterium Microcystis by picocyanobacterium Cyanobium: transcriptome-based interaction analysis","https://pubmed.ncbi.nlm.nih.gov/40835346/?utm_source=Other&utm_medium=rss&utm_campaign=pubmed-2&utm_content=1lGTpA7S74whuNVC_kQy0F4ncgCxeB9B9U0hbi6Wldiv2cIgV2&fc=20250822163126&ff=20250822204120&v=2.18.0.post9+e462414"
"KAIST","2025-08-20","Impulsive loss decision-making associated with aberrant meso-/habenular- cortical functional networks in young adults with major depressive disorder with suicidal ideation","https://pubmed.ncbi.nlm.nih.gov/40835190/?utm_source=Other&utm_medium=rss&utm_campaign=pubmed-2&utm_content=1lGTpA7S74whuNVC_kQy0F4ncgCxeB9B9U0hbi6Wldiv2cIgV2&fc=20250822163126&ff=20250822204120&v=2.18.0.post9+e462414"
"KAIST","2025-08-20","Sustainable thermosetting coatings from urushiol and alkali lignin: Oxidative radical thermal curing behavior, structural interactions, and functional properties","https://pubmed.ncbi.nlm.nih.gov/40834460/?utm_source=Other&utm_medium=rss&utm_campaign=pubmed-2&utm_content=1lGTpA7S74whuNVC_kQy0F4ncgCxeB9B9U0hbi6Wldiv2cIgV2&fc=20250822163126&ff=20250822204120&v=2.18.0.post9+e462414"
"KAIST","2025-08-20","CX3CR1+ macrophages interact with HSCs to promote HCC through CD8+ T-cell suppression","https://pubmed.ncbi.nlm.nih.gov/40833997/?utm_source=Other&utm_medium=rss&utm_campaign=pubmed-2&utm_content=1lGTpA7S74whuNVC_kQy0F4ncgCxeB9B9U0hbi6Wldiv2cIgV2&fc=20250822163126&ff=20250822204120&v=2.18.0.post9+e462414"
"KAIST","2025-08-20","A Soft Growing Robotic Endoscope for Painless and Strain-Free Insertion","https://pubmed.ncbi.nlm.nih.gov/40833842/?utm_source=Other&utm_medium=rss&utm_campaign=pubmed-2&utm_content=1lGTpA7S74whuNVC_kQy0F4ncgCxeB9B9U0hbi6Wldiv2cIgV2&fc=20250822163126&ff=20250822204120&v=2.18.0.post9+e462414"
"KAIST","2025-08-20","Effectiveness of Atomoxetine Augmentation in Reducing Nonsuicidal Self-Injury Among Adolescents with Attention Problems: A Preliminary Study","https://pubmed.ncbi.nlm.nih.gov/40833830/?utm_source=Other&utm_medium=rss&utm_campaign=pubmed-2&utm_content=1lGTpA7S74whuNVC_kQy0F4ncgCxeB9B9U0hbi6Wldiv2cIgV2&fc=20250822163126&ff=20250822204120&v=2.18.0.post9+e462414"
"KAIST","2025-08-20","Proliferation of tumor-related regulatory T cells in circulation dictates efficacy of chemoimmunotherapy in triple-negative breast cancer","https://pubmed.ncbi.nlm.nih.gov/40833777/?utm_source=Other&utm_medium=rss&utm_campaign=pubmed-2&utm_content=1lGTpA7S74whuNVC_kQy0F4ncgCxeB9B9U0hbi6Wldiv2cIgV2&fc=20250822163126&ff=20250822204120&v=2.18.0.post9+e462414"
"KAIST","2025-08-20","MED12 mutation induces RTK inhibitor resistance in NSCLC via MEK/ERK pathway activation by inflammatory cytokines","https://pubmed.ncbi.nlm.nih.gov/40833497/?utm_source=Other&utm_medium=rss&utm_campaign=pubmed-2&utm_content=1lGTpA7S74whuNVC_kQy0F4ncgCxeB9B9U0hbi6Wldiv2cIgV2&fc=20250822163126&ff=20250822204120&v=2.18.0.post9+e462414"
"KAIST","2025-08-20","Simultaneous generation of color-coded arteriography, venography, and dynamic angiography: methodology and clinical applications in stroke","https://pubmed.ncbi.nlm.nih.gov/40833476/?utm_source=Other&utm_medium=rss&utm_campaign=pubmed-2&utm_content=1lGTpA7S74whuNVC_kQy0F4ncgCxeB9B9U0hbi6Wldiv2cIgV2&fc=20250822163126&ff=20250822204120&v=2.18.0.post9+e462414"
"KAIST","2025-08-20","Tuning surface oxides on PdIn(111) alloys for selective CO<sub>2</sub> activation pathways at ambient pressure","https://pubmed.ncbi.nlm.nih.gov/40832874/?utm_source=Other&utm_medium=rss&utm_campaign=pubmed-2&utm_content=1lGTpA7S74whuNVC_kQy0F4ncgCxeB9B9U0hbi6Wldiv2cIgV2&fc=20250822163126&ff=20250822204120&v=2.18.0.post9+e462414"
"KAIST","2025-08-20","<sup>64</sup>Cu-Labeled Boronic-Acid-Conjugated Porphyrin: A Novel Agent for PET Imaging and Boron Neutron Capture Therapy","https://pubmed.ncbi.nlm.nih.gov/40832537/?utm_source=Other&utm_medium=rss&utm_campaign=pubmed-2&utm_content=1lGTpA7S74whuNVC_kQy0F4ncgCxeB9B9U0hbi6Wldiv2cIgV2&fc=20250822163126&ff=20250822204120&v=2.18.0.post9+e462414"
"KAIST","2025-08-20","The Rome consensus: Good clinical trials for traditional medicine","https://pubmed.ncbi.nlm.nih.gov/40831645/?utm_source=Other&utm_medium=rss&utm_campaign=pubmed-2&utm_content=1lGTpA7S74whuNVC_kQy0F4ncgCxeB9B9U0hbi6Wldiv2cIgV2&fc=20250822163126&ff=20250822204120&v=2.18.0.post9+e462414"
"KAIST","2025-08-20","Integrated transcriptome analysis of rats exposed to bisphenol mixtures from the fetal to developmental stage","https://pubmed.ncbi.nlm.nih.gov/40831461/?utm_source=Other&utm_medium=rss&utm_campaign=pubmed-2&utm_content=1lGTpA7S74whuNVC_kQy0F4ncgCxeB9B9U0hbi6Wldiv2cIgV2&fc=20250822163126&ff=20250822204120&v=2.18.0.post9+e462414"
"KAIST","2025-08-20","Effectiveness of Ethanol Extract of Rosa rugosa Thunb. on Ear Edema","https://pubmed.ncbi.nlm.nih.gov/40831339/?utm_source=Other&utm_medium=rss&utm_campaign=pubmed-2&utm_content=1lGTpA7S74whuNVC_kQy0F4ncgCxeB9B9U0hbi6Wldiv2cIgV2&fc=20250822163126&ff=20250822204120&v=2.18.0.post9+e462414"
"KAIST","2025-08-19","Performance evaluation of GPT-4o on South Korean national exams for building mechanical equipment maintenance","https://pubmed.ncbi.nlm.nih.gov/40830641/?utm_source=Other&utm_medium=rss&utm_campaign=pubmed-2&utm_content=1lGTpA7S74whuNVC_kQy0F4ncgCxeB9B9U0hbi6Wldiv2cIgV2&fc=20250822163126&ff=20250822204120&v=2.18.0.post9+e462414"
"KAIST","2025-08-19","Optimizing mobile cognitive assessment reduces administration time while maintaining screening accuracy in older adults","https://pubmed.ncbi.nlm.nih.gov/40830390/?utm_source=Other&utm_medium=rss&utm_campaign=pubmed-2&utm_content=1lGTpA7S74whuNVC_kQy0F4ncgCxeB9B9U0hbi6Wldiv2cIgV2&fc=20250822163126&ff=20250822204120&v=2.18.0.post9+e462414"
"KAIST","2025-08-19","Functional characterization of a novel plant growth-promoting rhizobacterium enhancing root growth and salt stress tolerance","https://pubmed.ncbi.nlm.nih.gov/40830162/?utm_source=Other&utm_medium=rss&utm_campaign=pubmed-2&utm_content=1lGTpA7S74whuNVC_kQy0F4ncgCxeB9B9U0hbi6Wldiv2cIgV2&fc=20250822163126&ff=20250822204120&v=2.18.0.post9+e462414"
"KAIST","2025-08-19","A Wireless and Reusable OLED Patch for Accelerated In Vivo Skin Wound Healing","https://pubmed.ncbi.nlm.nih.gov/40830078/?utm_source=Other&utm_medium=rss&utm_campaign=pubmed-2&utm_content=1lGTpA7S74whuNVC_kQy0F4ncgCxeB9B9U0hbi6Wldiv2cIgV2&fc=20250822163126&ff=20250822204120&v=2.18.0.post9+e462414"
"KAIST","2025-08-19","Effects of diuron transformed chemicals on life history traits of the copepod Tigriopus koreanus","https://pubmed.ncbi.nlm.nih.gov/40829419/?utm_source=Other&utm_medium=rss&utm_campaign=pubmed-2&utm_content=1lGTpA7S74whuNVC_kQy0F4ncgCxeB9B9U0hbi6Wldiv2cIgV2&fc=20250822163126&ff=20250822204120&v=2.18.0.post9+e462414"
"KAIST","2025-08-19","Unraveling the Chloroplast Genome of Stellaria media: Comprehensive Analysis, Taxonomic Implications, and Evolutionary Perspectives","https://pubmed.ncbi.nlm.nih.gov/40828201/?utm_source=Other&utm_medium=rss&utm_campaign=pubmed-2&utm_content=1lGTpA7S74whuNVC_kQy0F4ncgCxeB9B9U0hbi6Wldiv2cIgV2&fc=20250822163126&ff=20250822204120&v=2.18.0.post9+e462414"
"KAIST","2025-08-19","Reaction dynamics for the [NNO] system from state-resolved and coarse-grained models","https://pubmed.ncbi.nlm.nih.gov/40827667/?utm_source=Other&utm_medium=rss&utm_campaign=pubmed-2&utm_content=1lGTpA7S74whuNVC_kQy0F4ncgCxeB9B9U0hbi6Wldiv2cIgV2&fc=20250822163126&ff=20250822204120&v=2.18.0.post9+e462414"
"KAIST","2025-08-19","Estrogen-related receptor alpha mitigates radiation-induced bowel injury through gut enrichment of <em>Bacteroides vulgatus</em>","https://pubmed.ncbi.nlm.nih.gov/40827662/?utm_source=Other&utm_medium=rss&utm_campaign=pubmed-2&utm_content=1lGTpA7S74whuNVC_kQy0F4ncgCxeB9B9U0hbi6Wldiv2cIgV2&fc=20250822163126&ff=20250822204120&v=2.18.0.post9+e462414"
"KAIST","2025-08-19","Comparing the Health Impacts of Fixed Night and Rotating Shift Work: An Umbrella Review of Meta-Analyses","https://pubmed.ncbi.nlm.nih.gov/40827592/?utm_source=Other&utm_medium=rss&utm_campaign=pubmed-2&utm_content=1lGTpA7S74whuNVC_kQy0F4ncgCxeB9B9U0hbi6Wldiv2cIgV2&fc=20250822163126&ff=20250822204120&v=2.18.0.post9+e462414"
"KAIST","2025-08-19","Taxifolin Regulates the Gene Expression of MUC5AC Mucin via Affecting IκBα/NF-κB p65 Signaling in Human Airway Epithelial Cells","https://pubmed.ncbi.nlm.nih.gov/40827336/?utm_source=Other&utm_medium=rss&utm_campaign=pubmed-2&utm_content=1lGTpA7S74whuNVC_kQy0F4ncgCxeB9B9U0hbi6Wldiv2cIgV2&fc=20250822163126&ff=20250822204120&v=2.18.0.post9+e462414"
"KAIST","2025-08-19","Initial Growth Mechanism and Microstructural Evolution of Sub-10 nm Hydrogenated Amorphous Silicon Films","https://pubmed.ncbi.nlm.nih.gov/40827067/?utm_source=Other&utm_medium=rss&utm_campaign=pubmed-2&utm_content=1lGTpA7S74whuNVC_kQy0F4ncgCxeB9B9U0hbi6Wldiv2cIgV2&fc=20250822163126&ff=20250822204120&v=2.18.0.post9+e462414"